Month,Year,Date,Phase,Construction Milestone,Demand %,Demand Amount,Bank Disbursement,Customer Contribution,Total Loan Disbursed,Opening Loan Balance,Interest Rate,Interest Charged,Principal Repaid,Pre-EMI Interest Payment,EMI,Monthly Payment (Pre-EMI Interest or EMI),Prepayment,Closing Balance,Total Interest Paid,Total Principal Paid,Total Customer Paid,Total Bank Paid,% of Property Value Paid to Godrej
Jul,2026,2026-07-01,Full EMI,"Booking, Within 15 Days",10,1342524.35,0.0,1342524.35,0.0,0.0,7.25,0.0,0.0,0.0,0.0,0.0,0.0,0.0,0.0,0.0,1342524.35,0.0,10.0
Aug,2026,2026-08-01,Full EMI,,0,0.0,0.0,0.0,0.0,0.0,7.25,0.0,0.0,0.0,0.0,0.0,0.0,0.0,0.0,0.0,1342524.35,0.0,10.0
Sep,2026,2026-09-01,Full EMI,Within 90 Days,10,1342524.35,1342524.35,0.0,1342524.35,0.0,7.25,0.0,0.0,0.0,0.0,0.0,0.0,1342524.35,0.0,0.0,1342524.35,1342524.35,20.0
Oct,2026,2026-10-01,Full EMI,,0,0.0,0.0,0.0,1342524.35,1342524.35,7.25,8111.08,2559.88,0.0,10670.96,10670.96,0.0,1339964.47,8111.08,2559.88,1342524.35,1342524.35,20.0
Nov,2026,2026-11-01,Full EMI,,0,0.0,0.0,0.0,1342524.35,1339964.47,7.25,8095.62,2575.34,0.0,10670.96,10670.96,0.0,1337389.13,16206.7,5135.22,1342524.35,1342524.35,20.0
Dec,2026,2026-12-01,Full EMI,,0,0.0,0.0,0.0,1342524.35,1337389.13,7.25,8080.06,2590.9,0.0,10670.96,10670.96,0.0,1334798.22,24286.76,7726.12,1342524.35,1342524.35,20.0
Jan,2027,2027-01-01,Full EMI,,0,0.0,0.0,0.0,1342524.35,1334798.22,7.25,8064.41,2606.56,0.0,10670.96,10670.96,0.0,1332191.67,32351.17,10332.68,1342524.35,1342524.35,20.0
Feb,2027,2027-02-01,Full EMI,,0,0.0,0.0,0.0,1342524.35,1332191.67,7.25,8048.66,2622.3,0.0,10670.96,10670.96,0.0,1329569.37,40399.83,12954.98,1342524.35,1342524.35,20.0
Mar,2027,2027-03-01,Full EMI,,0,0.0,0.0,0.0,1342524.35,1329569.37,7.25,8032.81,2638.15,0.0,10670.96,10670.96,0.0,1326931.22,48432.64,15593.13,1342524.35,1342524.35,20.0
Apr,2027,2027-04-01,Full EMI,,0,0.0,0.0,0.0,1342524.35,1326931.22,7.25,8016.88,2654.09,0.0,10670.96,10670.96,0.0,1324277.13,56449.52,18247.22,1342524.35,1342524.35,20.0
May,2027,2027-05-01,Full EMI,,0,0.0,0.0,0.0,1342524.35,1324277.13,7.25,8000.84,2670.12,0.0,10670.96,10670.96,0.0,1321607.01,64450.36,20917.34,1342524.35,1342524.35,20.0
Jun,2027,2027-06-01,Full EMI,,0,0.0,0.0,0.0,1342524.35,1321607.01,7.25,7984.71,2686.25,0.0,10670.96,10670.96,0.0,1318920.76,72435.07,23603.59,1342524.35,1342524.35,20.0
Jul,2027,2027-07-01,Full EMI,,0,0.0,0.0,0.0,1342524.35,1318920.76,7.25,7968.48,2702.48,0.0,10670.96,10670.96,0.0,1316218.28,80403.55,26306.07,1342524.35,1342524.35,20.0
Aug,2027,2027-08-01,Full EMI,,0,0.0,0.0,0.0,1342524.35,1316218.28,7.25,7952.15,2718.81,0.0,10670.96,10670.96,0.0,1313499.47,88355.7,29024.88,1342524.35,1342524.35,20.0
Sep,2027,2027-09-01,Full EMI,Excavation Completion,10,1342524.35,1342524.35,0.0,2685048.7,1313499.47,7.25,7935.73,2735.24,0.0,10670.96,10670.96,0.0,2653288.58,96291.43,31760.12,1342524.35,2685048.7,30.0
Oct,2027,2027-10-01,Full EMI,,0,0.0,0.0,0.0,2685048.7,2653288.58,7.25,16030.29,5570.2,0.0,21600.48,21600.48,0.0,2647718.38,112321.71,37330.32,1342524.35,2685048.7,30.0
Nov,2027,2027-11-01,Full EMI,,0,0.0,0.0,0.0,2685048.7,2647718.38,7.25,15996.63,5603.85,0.0,21600.48,21600.48,0.0,2642114.53,128318.34,42934.17,1342524.35,2685048.7,30.0
Dec,2027,2027-12-01,Full EMI,Foundation Completion,5,671262.17,671262.17,0.0,3356310.87,2642114.53,7.25,15962.78,5637.71,0.0,21600.48,21600.48,0.0,3307738.99,144281.12,48571.88,1342524.35,3356310.87,35.0
Jan,2028,2028-01-01,Full EMI,,0,0.0,0.0,0.0,3356310.87,3307738.99,7.25,19984.26,7115.83,0.0,27100.09,27100.09,0.0,3300623.16,164265.37,55687.71,1342524.35,3356310.87,35.0
Feb,2028,2028-02-01,Full EMI,,0,0.0,0.0,0.0,3356310.87,3300623.16,7.25,19941.26,7158.83,0.0,27100.09,27100.09,0.0,3293464.33,184206.64,62846.54,1342524.35,3356310.87,35.0
Mar,2028,2028-03-01,Full EMI,,0,0.0,0.0,0.0,3356310.87,3293464.33,7.25,19898.01,7202.08,0.0,27100.09,27100.09,0.0,3286262.26,204104.65,70048.61,1342524.35,3356310.87,35.0
Apr,2028,2028-04-01,Full EMI,,0,0.0,0.0,0.0,3356310.87,3286262.26,7.25,19854.5,7245.59,0.0,27100.09,27100.09,0.0,3279016.67,223959.15,77294.2,1342524.35,3356310.87,35.0
May,2028,2028-05-01,Full EMI,,0,0.0,0.0,0.0,3356310.87,3279016.67,7.25,19810.73,7289.37,0.0,27100.09,27100.09,0.0,3271727.3,243769.88,84583.57,1342524.35,3356310.87,35.0
Jun,2028,2028-06-01,Full EMI,,0,0.0,0.0,0.0,3356310.87,3271727.3,7.25,19766.69,7333.41,0.0,27100.09,27100.09,0.0,3264393.9,263536.57,91916.97,1342524.35,3356310.87,35.0
Jul,2028,2028-07-01,Full EMI,B2 Slab,5,671262.17,671262.17,0.0,4027573.04,3264393.9,7.25,19722.38,7377.71,0.0,27100.09,27100.09,0.0,3928278.36,283258.94,99294.69,1342524.35,4027573.04,40.0
Aug,2028,2028-08-01,Full EMI,,0,0.0,0.0,0.0,4027573.04,3928278.36,7.25,23733.35,8952.0,0.0,32685.35,32685.35,0.0,3919326.36,306992.29,108246.68,1342524.35,4027573.04,40.0
Sep,2028,2028-09-01,Full EMI,2nd Floor Slab,5,671262.17,671262.17,0.0,4698835.22,3919326.36,7.25,23679.26,9006.08,0.0,32685.35,32685.35,0.0,4581582.45,330671.56,117252.77,1342524.35,4698835.22,45.0
Oct,2028,2028-10-01,Full EMI,,0,0.0,0.0,0.0,4698835.22,4581582.45,7.25,27680.39,10615.86,0.0,38296.25,38296.25,0.0,4570966.59,358351.95,127868.62,1342524.35,4698835.22,45.0
Nov,2028,2028-11-01,Full EMI,,0,0.0,0.0,0.0,4698835.22,4570966.59,7.25,27616.26,10679.99,0.0,38296.25,38296.25,0.0,4560286.6,385968.21,138548.62,1342524.35,4698835.22,45.0
Dec,2028,2028-12-01,Full EMI,5th Floor Slab,5,671262.17,671262.17,0.0,5370097.39,4560286.6,7.25,27551.73,10744.52,0.0,38296.25,38296.25,0.0,5220804.25,413519.94,149293.14,1342524.35,5370097.39,50.0
Jan,2029,2029-01-01,Full EMI,,0,0.0,0.0,0.0,5370097.39,5220804.25,7.25,31542.36,12404.31,0.0,43946.67,43946.67,0.0,5208399.94,445062.3,161697.45,1342524.35,5370097.39,50.0
Feb,2029,2029-02-01,Full EMI,,0,0.0,0.0,0.0,5370097.39,5208399.94,7.25,31467.42,12479.26,0.0,43946.67,43946.67,0.0,5195920.69,476529.71,174176.71,1342524.35,5370097.39,50.0
Mar,2029,2029-03-01,Full EMI,10th Floor Slab,5,671262.17,671262.17,0.0,6041359.57,5195920.69,7.25,31392.02,12554.65,0.0,43946.67,43946.67,0.0,5854628.21,507921.73,186731.36,1342524.35,6041359.57,55.0
Apr,2029,2029-04-01,Full EMI,,0,0.0,0.0,0.0,6041359.57,5854628.21,7.25,35371.71,14266.19,0.0,49637.9,49637.9,0.0,5840362.02,543293.45,200997.55,1342524.35,6041359.57,55.0
May,2029,2029-05-01,Full EMI,,0,0.0,0.0,0.0,6041359.57,5840362.02,7.25,35285.52,14352.38,0.0,49637.9,49637.9,0.0,5826009.63,578578.97,215349.93,1342524.35,6041359.57,55.0
Jun,2029,2029-06-01,Full EMI,15th Floor Slab,5,671262.17,671262.17,0.0,6712621.74,5826009.63,7.25,35198.81,14439.1,0.0,49637.9,49637.9,0.0,6482832.71,613777.78,229789.03,1342524.35,6712621.74,60.0
Jul,2029,2029-07-01,Full EMI,,0,0.0,0.0,0.0,6712621.74,6482832.71,7.25,39167.11,16204.19,0.0,55371.3,55371.3,0.0,6466628.52,652944.89,245993.22,1342524.35,6712621.74,60.0
Aug,2029,2029-08-01,Full EMI,20th Floor Slab,5,671262.17,671262.17,0.0,7383883.91,6466628.52,7.25,39069.21,16302.09,0.0,55371.3,55371.3,0.0,7121588.61,692014.1,262295.3,1342524.35,7383883.91,65.0
Sep,2029,2029-09-01,Full EMI,,0,0.0,0.0,0.0,7383883.91,7121588.61,7.25,43026.26,18107.33,0.0,61133.59,61133.59,0.0,7103481.28,735040.37,280402.63,1342524.35,7383883.91,65.0
Oct,2029,2029-10-01,Full EMI,25th Floor Slab,5,671262.17,671262.17,0.0,8055146.09,7103481.28,7.25,42916.87,18216.73,0.0,61133.59,61133.59,0.0,7756526.73,777957.23,298619.36,1342524.35,8055146.09,70.0
Nov,2029,2029-11-01,Full EMI,,0,0.0,0.0,0.0,8055146.09,7756526.73,7.25,46862.35,20063.08,0.0,66925.43,66925.43,0.0,7736463.65,824819.58,318682.44,1342524.35,8055146.09,70.0
Dec,2029,2029-12-01,Full EMI,,0,0.0,0.0,0.0,8055146.09,7736463.65,7.25,46741.13,20184.29,0.0,66925.43,66925.43,0.0,7716279.36,871560.72,338866.73,1342524.35,8055146.09,70.0
Jan,2030,2030-01-01,Full EMI,,0,0.0,0.0,0.0,8055146.09,7716279.36,7.25,46619.19,20306.24,0.0,66925.43,66925.43,0.0,7695973.12,918179.91,359172.96,1342524.35,8055146.09,70.0
Feb,2030,2030-02-01,Full EMI,,0,0.0,0.0,0.0,8055146.09,7695973.12,7.25,46496.5,20428.92,0.0,66925.43,66925.43,0.0,7675544.2,964676.41,379601.89,1342524.35,8055146.09,70.0
Mar,2030,2030-03-01,Full EMI,,0,0.0,0.0,0.0,8055146.09,7675544.2,7.25,46373.08,20552.35,0.0,66925.43,66925.43,0.0,7654991.86,1011049.49,400154.23,1342524.35,8055146.09,70.0
Apr,2030,2030-04-01,Full EMI,,0,0.0,0.0,0.0,8055146.09,7654991.86,7.25,46248.91,20676.52,0.0,66925.43,66925.43,0.0,7634315.34,1057298.4,420830.75,1342524.35,8055146.09,70.0
May,2030,2030-05-01,Full EMI,,0,0.0,0.0,0.0,8055146.09,7634315.34,7.25,46123.99,20801.44,0.0,66925.43,66925.43,0.0,7613513.9,1103422.39,441632.19,1342524.35,8055146.09,70.0
Jun,2030,2030-06-01,Full EMI,Flooring,10,1342524.35,1342524.35,0.0,9397670.44,7613513.9,7.25,45998.31,20927.11,0.0,66925.43,66925.43,0.0,8935111.14,1149420.7,462559.3,1342524.35,9397670.44,80.0
Jul,2030,2030-07-01,Full EMI,,0,0.0,0.0,0.0,9397670.44,8935111.14,7.25,53982.96,24776.24,0.0,78759.21,78759.21,0.0,8910334.89,1203403.66,487335.54,1342524.35,9397670.44,80.0
Aug,2030,2030-08-01,Full EMI,,0,0.0,0.0,0.0,9397670.44,8910334.89,7.25,53833.27,24925.93,0.0,78759.21,78759.21,0.0,8885408.96,1257236.94,512261.48,1342524.35,9397670.44,80.0
Sep,2030,2030-09-01,Full EMI,,0,0.0,0.0,0.0,9397670.44,8885408.96,7.25,53682.68,25076.53,0.0,78759.21,78759.21,0.0,8860332.43,1310919.62,537338.01,1342524.35,9397670.44,80.0
Oct,2030,2030-10-01,Full EMI,,0,0.0,0.0,0.0,9397670.44,8860332.43,7.25,53531.18,25228.03,0.0,78759.21,78759.21,0.0,8835104.4,1364450.79,562566.04,1342524.35,9397670.44,80.0
Nov,2030,2030-11-01,Full EMI,,0,0.0,0.0,0.0,9397670.44,8835104.4,7.25,53378.76,25380.45,0.0,78759.21,78759.21,0.0,8809723.94,1417829.55,587946.49,1342524.35,9397670.44,80.0
Dec,2030,2030-12-01,Full EMI,,0,0.0,0.0,0.0,9397670.44,8809723.94,7.25,53225.42,25533.79,0.0,78759.21,78759.21,0.0,8784190.15,1471054.96,613480.28,1342524.35,9397670.44,80.0
Jan,2031,2031-01-01,Full EMI,,0,0.0,0.0,0.0,9397670.44,8784190.15,7.25,53071.15,25688.06,0.0,78759.21,78759.21,0.0,8758502.09,1524126.11,639168.34,1342524.35,9397670.44,80.0
Feb,2031,2031-02-01,Full EMI,,0,0.0,0.0,0.0,9397670.44,8758502.09,7.25,52915.95,25843.26,0.0,78759.21,78759.21,0.0,8732658.84,1577042.06,665011.6,1342524.35,9397670.44,80.0
Mar,2031,2031-03-01,Full EMI,Occupancy Certificate,10,1342524.35,1342524.35,0.0,10740194.78,8732658.84,7.25,52759.81,25999.39,0.0,78759.21,78759.21,0.0,10049183.79,1629801.88,691010.99,1342524.35,10740194.78,90.0
Apr,2031,2031-04-01,Full EMI,,0,0.0,0.0,0.0,10740194.78,10049183.79,7.25,60713.82,30189.67,0.0,90903.49,90903.49,0.0,10018994.12,1690515.69,721200.67,1342524.35,10740194.78,90.0
May,2031,2031-05-01,Full EMI,,0,0.0,0.0,0.0,10740194.78,10018994.12,7.25,60531.42,30372.07,0.0,90903.49,90903.49,0.0,9988622.05,1751047.12,751572.74,1342524.35,10740194.78,90.0
Jun,2031,2031-06-01,Full EMI,Possession,10,1342524.35,1342524.35,0.0,12082719.13,9988622.05,7.25,60347.92,30555.57,0.0,90903.49,90903.49,0.0,11300590.83,1811395.04,782128.3,1342524.35,12082719.13,100.0
Jul,2031,2031-07-01,Full EMI,,0,0.0,0.0,0.0,12082719.13,11300590.83,7.25,68274.4,34884.5,0.0,103158.9,103158.9,0.0,11265706.33,1879669.44,817012.8,1342524.35,12082719.13,100.0
Aug,2031,2031-08-01,Full EMI,,0,0.0,0.0,0.0,12082719.13,11265706.33,7.25,68063.64,35095.26,0.0,103158.9,103158.9,0.0,11230611.07,1947733.09,852108.06,1342524.35,12082719.13,100.0
Sep,2031,2031-09-01,Full EMI,,0,0.0,0.0,0.0,12082719.13,11230611.07,7.25,67851.61,35307.29,0.0,103158.9,103158.9,0.0,11195303.78,2015584.7,887415.35,1342524.35,12082719.13,100.0
Oct,2031,2031-10-01,Full EMI,,0,0.0,0.0,0.0,12082719.13,11195303.78,7.25,67638.29,35520.61,0.0,103158.9,103158.9,0.0,11159783.18,2083222.99,922935.95,1342524.35,12082719.13,100.0
Nov,2031,2031-11-01,Full EMI,,0,0.0,0.0,0.0,12082719.13,11159783.18,7.25,67423.69,35735.21,0.0,103158.9,103158.9,0.0,11124047.97,2150646.68,958671.16,1342524.35,12082719.13,100.0
Dec,2031,2031-12-01,Full EMI,,0,0.0,0.0,0.0,12082719.13,11124047.97,7.25,67207.79,35951.11,0.0,103158.9,103158.9,0.0,11088096.86,2217854.47,994622.27,1342524.35,12082719.13,100.0
Jan,2032,2032-01-01,Full EMI,,0,0.0,0.0,0.0,12082719.13,11088096.86,7.25,66990.59,36168.31,0.0,103158.9,103158.9,0.0,11051928.55,2284845.05,1030790.58,1342524.35,12082719.13,100.0
Feb,2032,2032-02-01,Full EMI,,0,0.0,0.0,0.0,12082719.13,11051928.55,7.25,66772.07,36386.83,0.0,103158.9,103158.9,0.0,11015541.72,2351617.12,1067177.42,1342524.35,12082719.13,100.0
Mar,2032,2032-03-01,Full EMI,,0,0.0,0.0,0.0,12082719.13,11015541.72,7.25,66552.23,36606.67,0.0,103158.9,103158.9,0.0,10978935.05,2418169.35,1103784.08,1342524.35,12082719.13,100.0
Apr,2032,2032-04-01,Full EMI,,0,0.0,0.0,0.0,12082719.13,10978935.05,7.25,66331.07,36827.83,0.0,103158.9,103158.9,0.0,10942107.22,2484500.42,1140611.92,1342524.35,12082719.13,100.0
May,2032,2032-05-01,Full EMI,,0,0.0,0.0,0.0,12082719.13,10942107.22,7.25,66108.56,37050.33,0.0,103158.9,103158.9,0.0,10905056.88,2550608.98,1177662.25,1342524.35,12082719.13,100.0
Jun,2032,2032-06-01,Full EMI,,0,0.0,0.0,0.0,12082719.13,10905056.88,7.25,65884.72,37274.18,0.0,103158.9,103158.9,0.0,10867782.7,2616493.7,1214936.43,1342524.35,12082719.13,100.0
Jul,2032,2032-07-01,Full EMI,,0,0.0,0.0,0.0,12082719.13,10867782.7,7.25,65659.52,37499.38,0.0,103158.9,103158.9,0.0,10830283.32,2682153.22,1252435.81,1342524.35,12082719.13,100.0
Aug,2032,2032-08-01,Full EMI,,0,0.0,0.0,0.0,12082719.13,10830283.32,7.25,65432.96,37725.94,0.0,103158.9,103158.9,0.0,10792557.38,2747586.19,1290161.75,1342524.35,12082719.13,100.0
Sep,2032,2032-09-01,Full EMI,,0,0.0,0.0,0.0,12082719.13,10792557.38,7.25,65205.03,37953.86,0.0,103158.9,103158.9,0.0,10754603.52,2812791.22,1328115.61,1342524.35,12082719.13,100.0
Oct,2032,2032-10-01,Full EMI,,0,0.0,0.0,0.0,12082719.13,10754603.52,7.25,64975.73,38183.17,0.0,103158.9,103158.9,0.0,10716420.35,2877766.95,1366298.78,1342524.35,12082719.13,100.0
Nov,2032,2032-11-01,Full EMI,,0,0.0,0.0,0.0,12082719.13,10716420.35,7.25,64745.04,38413.86,0.0,103158.9,103158.9,0.0,10678006.49,2942511.99,1404712.64,1342524.35,12082719.13,100.0
Dec,2032,2032-12-01,Full EMI,,0,0.0,0.0,0.0,12082719.13,10678006.49,7.25,64512.96,38645.94,0.0,103158.9,103158.9,0.0,10639360.55,3007024.94,1443358.58,1342524.35,12082719.13,100.0
Jan,2033,2033-01-01,Full EMI,,0,0.0,0.0,0.0,12082719.13,10639360.55,7.25,64279.47,38879.43,0.0,103158.9,103158.9,0.0,10600481.12,3071304.41,1482238.01,1342524.35,12082719.13,100.0
Feb,2033,2033-02-01,Full EMI,,0,0.0,0.0,0.0,12082719.13,10600481.12,7.25,64044.57,39114.33,0.0,103158.9,103158.9,0.0,10561366.79,3135348.99,1521352.34,1342524.35,12082719.13,100.0
Mar,2033,2033-03-01,Full EMI,,0,0.0,0.0,0.0,12082719.13,10561366.79,7.25,63808.26,39350.64,0.0,103158.9,103158.9,0.0,10522016.15,3199157.25,1560702.98,1342524.35,12082719.13,100.0
Apr,2033,2033-04-01,Full EMI,,0,0.0,0.0,0.0,12082719.13,10522016.15,7.25,63570.51,39588.38,0.0,103158.9,103158.9,0.0,10482427.77,3262727.76,1600291.36,1342524.35,12082719.13,100.0
May,2033,2033-05-01,Full EMI,,0,0.0,0.0,0.0,12082719.13,10482427.77,7.25,63331.33,39827.56,0.0,103158.9,103158.9,0.0,10442600.2,3326059.09,1640118.93,1342524.35,12082719.13,100.0
Jun,2033,2033-06-01,Full EMI,,0,0.0,0.0,0.0,12082719.13,10442600.2,7.25,63090.71,40068.19,0.0,103158.9,103158.9,0.0,10402532.01,3389149.8,1680187.12,1342524.35,12082719.13,100.0
Jul,2033,2033-07-01,Full EMI,,0,0.0,0.0,0.0,12082719.13,10402532.01,7.25,62848.63,40310.27,0.0,103158.9,103158.9,0.0,10362221.75,3451998.43,1720497.39,1342524.35,12082719.13,100.0
Aug,2033,2033-08-01,Full EMI,,0,0.0,0.0,0.0,12082719.13,10362221.75,7.25,62605.09,40553.81,0.0,103158.9,103158.9,0.0,10321667.94,3514603.52,1761051.2,1342524.35,12082719.13,100.0
Sep,2033,2033-09-01,Full EMI,,0,0.0,0.0,0.0,12082719.13,10321667.94,7.25,62360.08,40798.82,0.0,103158.9,103158.9,0.0,10280869.11,3576963.6,1801850.02,1342524.35,12082719.13,100.0
Oct,2033,2033-10-01,Full EMI,,0,0.0,0.0,0.0,12082719.13,10280869.11,7.25,62113.58,41045.31,0.0,103158.9,103158.9,0.0,10239823.8,3639077.19,1842895.33,1342524.35,12082719.13,100.0
Nov,2033,2033-11-01,Full EMI,,0,0.0,0.0,0.0,12082719.13,10239823.8,7.25,61865.6,41293.3,0.0,103158.9,103158.9,0.0,10198530.5,3700942.79,1884188.63,1342524.35,12082719.13,100.0
Dec,2033,2033-12-01,Full EMI,,0,0.0,0.0,0.0,12082719.13,10198530.5,7.25,61616.12,41542.78,0.0,103158.9,103158.9,0.0,10156987.73,3762558.91,1925731.41,1342524.35,12082719.13,100.0
Jan,2034,2034-01-01,Full EMI,,0,0.0,0.0,0.0,12082719.13,10156987.73,7.25,61365.13,41793.76,0.0,103158.9,103158.9,0.0,10115193.96,3823924.04,1967525.17,1342524.35,12082719.13,100.0
Feb,2034,2034-02-01,Full EMI,,0,0.0,0.0,0.0,12082719.13,10115193.96,7.25,61112.63,42046.27,0.0,103158.9,103158.9,0.0,10073147.69,3885036.67,2009571.44,1342524.35,12082719.13,100.0
Mar,2034,2034-03-01,Full EMI,,0,0.0,0.0,0.0,12082719.13,10073147.69,7.25,60858.6,42300.3,0.0,103158.9,103158.9,0.0,10030847.39,3945895.27,2051871.74,1342524.35,12082719.13,100.0
Apr,2034,2034-04-01,Full EMI,,0,0.0,0.0,0.0,12082719.13,10030847.39,7.25,60603.04,42555.86,0.0,103158.9,103158.9,0.0,9988291.53,4006498.31,2094427.6,1342524.35,12082719.13,100.0
May,2034,2034-05-01,Full EMI,,0,0.0,0.0,0.0,12082719.13,9988291.53,7.25,60345.93,42812.97,0.0,103158.9,103158.9,0.0,9945478.56,4066844.24,2137240.57,1342524.35,12082719.13,100.0
Jun,2034,2034-06-01,Full EMI,,0,0.0,0.0,0.0,12082719.13,9945478.56,7.25,60087.27,43071.63,0.0,103158.9,103158.9,0.0,9902406.93,4126931.51,2180312.2,1342524.35,12082719.13,100.0
Jul,2034,2034-07-01,Full EMI,,0,0.0,0.0,0.0,12082719.13,9902406.93,7.25,59827.04,43331.86,0.0,103158.9,103158.9,0.0,9859075.07,4186758.55,2223644.06,1342524.35,12082719.13,100.0
Aug,2034,2034-08-01,Full EMI,,0,0.0,0.0,0.0,12082719.13,9859075.07,7.25,59565.25,43593.65,0.0,103158.9,103158.9,0.0,9815481.42,4246323.79,2267237.72,1342524.35,12082719.13,100.0
Sep,2034,2034-09-01,Full EMI,,0,0.0,0.0,0.0,12082719.13,9815481.42,7.25,59301.87,43857.03,0.0,103158.9,103158.9,0.0,9771624.38,4305625.66,2311094.75,1342524.35,12082719.13,100.0
Oct,2034,2034-10-01,Full EMI,,0,0.0,0.0,0.0,12082719.13,9771624.38,7.25,59036.9,44122.0,0.0,103158.9,103158.9,0.0,9727502.38,4364662.56,2355216.75,1342524.35,12082719.13,100.0
Nov,2034,2034-11-01,Full EMI,,0,0.0,0.0,0.0,12082719.13,9727502.38,7.25,58770.33,44388.57,0.0,103158.9,103158.9,0.0,9683113.81,4423432.88,2399605.32,1342524.35,12082719.13,100.0
Dec,2034,2034-12-01,Full EMI,,0,0.0,0.0,0.0,12082719.13,9683113.81,7.25,58502.15,44656.75,0.0,103158.9,103158.9,0.0,9638457.06,4481935.03,2444262.07,1342524.35,12082719.13,100.0
Jan,2035,2035-01-01,Full EMI,,0,0.0,0.0,0.0,12082719.13,9638457.06,7.25,58232.34,44926.55,0.0,103158.9,103158.9,0.0,9593530.5,4540167.37,2489188.63,1342524.35,12082719.13,100.0
Feb,2035,2035-02-01,Full EMI,,0,0.0,0.0,0.0,12082719.13,9593530.5,7.25,57960.91,45197.99,0.0,103158.9,103158.9,0.0,9548332.52,4598128.29,2534386.61,1342524.35,12082719.13,100.0
Mar,2035,2035-03-01,Full EMI,,0,0.0,0.0,0.0,12082719.13,9548332.52,7.25,57687.84,45471.06,0.0,103158.9,103158.9,0.0,9502861.46,4655816.13,2579857.67,1342524.35,12082719.13,100.0
Apr,2035,2035-04-01,Full EMI,,0,0.0,0.0,0.0,12082719.13,9502861.46,7.25,57413.12,45745.78,0.0,103158.9,103158.9,0.0,9457115.68,4713229.25,2625603.45,1342524.35,12082719.13,100.0
May,2035,2035-05-01,Full EMI,,0,0.0,0.0,0.0,12082719.13,9457115.68,7.25,57136.74,46022.16,0.0,103158.9,103158.9,0.0,9411093.52,4770365.99,2671625.61,1342524.35,12082719.13,100.0
Jun,2035,2035-06-01,Full EMI,,0,0.0,0.0,0.0,12082719.13,9411093.52,7.25,56858.69,46300.21,0.0,103158.9,103158.9,0.0,9364793.32,4827224.68,2717925.82,1342524.35,12082719.13,100.0
Jul,2035,2035-07-01,Full EMI,,0,0.0,0.0,0.0,12082719.13,9364793.32,7.25,56578.96,46579.94,0.0,103158.9,103158.9,0.0,9318213.38,4883803.64,2764505.76,1342524.35,12082719.13,100.0
Aug,2035,2035-08-01,Full EMI,,0,0.0,0.0,0.0,12082719.13,9318213.38,7.25,56297.54,46861.36,0.0,103158.9,103158.9,0.0,9271352.02,4940101.18,2811367.12,1342524.35,12082719.13,100.0
Sep,2035,2035-09-01,Full EMI,,0,0.0,0.0,0.0,12082719.13,9271352.02,7.25,56014.42,47144.48,0.0,103158.9,103158.9,0.0,9224207.54,4996115.6,2858511.6,1342524.35,12082719.13,100.0
Oct,2035,2035-10-01,Full EMI,,0,0.0,0.0,0.0,12082719.13,9224207.54,7.25,55729.59,47429.31,0.0,103158.9,103158.9,0.0,9176778.22,5051845.19,2905940.91,1342524.35,12082719.13,100.0
Nov,2035,2035-11-01,Full EMI,,0,0.0,0.0,0.0,12082719.13,9176778.22,7.25,55443.04,47715.86,0.0,103158.9,103158.9,0.0,9129062.36,5107288.22,2953656.77,1342524.35,12082719.13,100.0
Dec,2035,2035-12-01,Full EMI,,0,0.0,0.0,0.0,12082719.13,9129062.36,7.25,55154.75,48004.15,0.0,103158.9,103158.9,0.0,9081058.21,5162442.97,3001660.92,1342524.35,12082719.13,100.0
Jan,2036,2036-01-01,Full EMI,,0,0.0,0.0,0.0,12082719.13,9081058.21,7.25,54864.73,48294.17,0.0,103158.9,103158.9,0.0,9032764.04,5217307.7,3049955.09,1342524.35,12082719.13,100.0
Feb,2036,2036-02-01,Full EMI,,0,0.0,0.0,0.0,12082719.13,9032764.04,7.25,54572.95,48585.95,0.0,103158.9,103158.9,0.0,8984178.09,5271880.65,3098541.04,1342524.35,12082719.13,100.0
Mar,2036,2036-03-01,Full EMI,,0,0.0,0.0,0.0,12082719.13,8984178.09,7.25,54279.41,48879.49,0.0,103158.9,103158.9,0.0,8935298.6,5326160.06,3147420.53,1342524.35,12082719.13,100.0
Apr,2036,2036-04-01,Full EMI,,0,0.0,0.0,0.0,12082719.13,8935298.6,7.25,53984.1,49174.8,0.0,103158.9,103158.9,0.0,8886123.8,5380144.15,3196595.33,1342524.35,12082719.13,100.0
May,2036,2036-05-01,Full EMI,,0,0.0,0.0,0.0,12082719.13,8886123.8,7.25,53687.0,49471.9,0.0,103158.9,103158.9,0.0,8836651.9,5433831.15,3246067.24,1342524.35,12082719.13,100.0
Jun,2036,2036-06-01,Full EMI,,0,0.0,0.0,0.0,12082719.13,8836651.9,7.25,53388.11,49770.79,0.0,103158.9,103158.9,0.0,8786881.1,5487219.26,3295838.03,1342524.35,12082719.13,100.0
Jul,2036,2036-07-01,Full EMI,,0,0.0,0.0,0.0,12082719.13,8786881.1,7.25,53087.41,50071.49,0.0,103158.9,103158.9,0.0,8736809.61,5540306.66,3345909.52,1342524.35,12082719.13,100.0
Aug,2036,2036-08-01,Full EMI,,0,0.0,0.0,0.0,12082719.13,8736809.61,7.25,52784.89,50374.01,0.0,103158.9,103158.9,0.0,8686435.6,5593091.56,3396283.53,1342524.35,12082719.13,100.0
Sep,2036,2036-09-01,Full EMI,,0,0.0,0.0,0.0,12082719.13,8686435.6,7.25,52480.55,50678.35,0.0,103158.9,103158.9,0.0,8635757.25,5645572.1,3446961.88,1342524.35,12082719.13,100.0
Oct,2036,2036-10-01,Full EMI,,0,0.0,0.0,0.0,12082719.13,8635757.25,7.25,52174.37,50984.53,0.0,103158.9,103158.9,0.0,8584772.72,5697746.47,3497946.41,1342524.35,12082719.13,100.0
Nov,2036,2036-11-01,Full EMI,,0,0.0,0.0,0.0,12082719.13,8584772.72,7.25,51866.34,51292.56,0.0,103158.9,103158.9,0.0,8533480.16,5749612.81,3549238.98,1342524.35,12082719.13,100.0
Dec,2036,2036-12-01,Full EMI,,0,0.0,0.0,0.0,12082719.13,8533480.16,7.25,51556.44,51602.46,0.0,103158.9,103158.9,0.0,8481877.7,5801169.25,3600841.43,1342524.35,12082719.13,100.0
Jan,2037,2037-01-01,Full EMI,,0,0.0,0.0,0.0,12082719.13,8481877.7,7.25,51244.68,51914.22,0.0,103158.9,103158.9,0.0,8429963.48,5852413.93,3652755.65,1342524.35,12082719.13,100.0
Feb,2037,2037-02-01,Full EMI,,0,0.0,0.0,0.0,12082719.13,8429963.48,7.25,50931.03,52227.87,0.0,103158.9,103158.9,0.0,8377735.61,5903344.96,3704983.52,1342524.35,12082719.13,100.0
Mar,2037,2037-03-01,Full EMI,,0,0.0,0.0,0.0,12082719.13,8377735.61,7.25,50615.49,52543.41,0.0,103158.9,103158.9,0.0,8325192.2,5953960.44,3757526.94,1342524.35,12082719.13,100.0
Apr,2037,2037-04-01,Full EMI,,0,0.0,0.0,0.0,12082719.13,8325192.2,7.25,50298.04,52860.86,0.0,103158.9,103158.9,0.0,8272331.33,6004258.48,3810387.8,1342524.35,12082719.13,100.0
May,2037,2037-05-01,Full EMI,,0,0.0,0.0,0.0,12082719.13,8272331.33,7.25,49978.67,53180.23,0.0,103158.9,103158.9,0.0,8219151.1,6054237.15,3863568.03,1342524.35,12082719.13,100.0
Jun,2037,2037-06-01,Full EMI,,0,0.0,0.0,0.0,12082719.13,8219151.1,7.25,49657.37,53501.53,0.0,103158.9,103158.9,0.0,8165649.58,6103894.52,3917069.56,1342524.35,12082719.13,100.0
Jul,2037,2037-07-01,Full EMI,,0,0.0,0.0,0.0,12082719.13,8165649.58,7.25,49334.13,53824.77,0.0,103158.9,103158.9,0.0,8111824.81,6153228.65,3970894.32,1342524.35,12082719.13,100.0
Aug,2037,2037-08-01,Full EMI,,0,0.0,0.0,0.0,12082719.13,8111824.81,7.25,49008.94,54149.96,0.0,103158.9,103158.9,0.0,8057674.85,6202237.59,4025044.28,1342524.35,12082719.13,100.0
Sep,2037,2037-09-01,Full EMI,,0,0.0,0.0,0.0,12082719.13,8057674.85,7.25,48681.79,54477.11,0.0,103158.9,103158.9,0.0,8003197.74,6250919.38,4079521.39,1342524.35,12082719.13,100.0
Oct,2037,2037-10-01,Full EMI,,0,0.0,0.0,0.0,12082719.13,8003197.74,7.25,48352.65,54806.25,0.0,103158.9,103158.9,0.0,7948391.49,6299272.03,4134327.64,1342524.35,12082719.13,100.0
Nov,2037,2037-11-01,Full EMI,,0,0.0,0.0,0.0,12082719.13,7948391.49,7.25,48021.53,55137.37,0.0,103158.9,103158.9,0.0,7893254.12,6347293.56,4189465.01,1342524.35,12082719.13,100.0
Dec,2037,2037-12-01,Full EMI,,0,0.0,0.0,0.0,12082719.13,7893254.12,7.25,47688.41,55470.49,0.0,103158.9,103158.9,0.0,7837783.64,6394981.97,4244935.5,1342524.35,12082719.13,100.0
Jan,2038,2038-01-01,Full EMI,,0,0.0,0.0,0.0,12082719.13,7837783.64,7.25,47353.28,55805.62,0.0,103158.9,103158.9,0.0,7781978.01,6442335.25,4300741.12,1342524.35,12082719.13,100.0
Feb,2038,2038-02-01,Full EMI,,0,0.0,0.0,0.0,12082719.13,7781978.01,7.25,47016.12,56142.78,0.0,103158.9,103158.9,0.0,7725835.23,6489351.37,4356883.9,1342524.35,12082719.13,100.0
Mar,2038,2038-03-01,Full EMI,,0,0.0,0.0,0.0,12082719.13,7725835.23,7.25,46676.92,56481.98,0.0,103158.9,103158.9,0.0,7669353.25,6536028.29,4413365.88,1342524.35,12082719.13,100.0
Apr,2038,2038-04-01,Full EMI,,0,0.0,0.0,0.0,12082719.13,7669353.25,7.25,46335.68,56823.22,0.0,103158.9,103158.9,0.0,7612530.03,6582363.96,4470189.1,1342524.35,12082719.13,100.0
May,2038,2038-05-01,Full EMI,,0,0.0,0.0,0.0,12082719.13,7612530.03,7.25,45992.37,57166.53,0.0,103158.9,103158.9,0.0,7555363.5,6628356.33,4527355.63,1342524.35,12082719.13,100.0
Jun,2038,2038-06-01,Full EMI,,0,0.0,0.0,0.0,12082719.13,7555363.5,7.25,45646.99,57511.91,0.0,103158.9,103158.9,0.0,7497851.59,6674003.32,4584867.54,1342524.35,12082719.13,100.0
Jul,2038,2038-07-01,Full EMI,,0,0.0,0.0,0.0,12082719.13,7497851.59,7.25,45299.52,57859.38,0.0,103158.9,103158.9,0.0,7439992.21,6719302.84,4642726.92,1342524.35,12082719.13,100.0
Aug,2038,2038-08-01,Full EMI,,0,0.0,0.0,0.0,12082719.13,7439992.21,7.25,44949.95,58208.95,0.0,103158.9,103158.9,0.0,7381783.26,6764252.79,4700935.87,1342524.35,12082719.13,100.0
Sep,2038,2038-09-01,Full EMI,,0,0.0,0.0,0.0,12082719.13,7381783.26,7.25,44598.27,58560.63,0.0,103158.9,103158.9,0.0,7323222.64,6808851.07,4759496.49,1342524.35,12082719.13,100.0
Oct,2038,2038-10-01,Full EMI,,0,0.0,0.0,0.0,12082719.13,7323222.64,7.25,44244.47,58914.43,0.0,103158.9,103158.9,0.0,7264308.21,6853095.54,4818410.92,1342524.35,12082719.13,100.0
Nov,2038,2038-11-01,Full EMI,,0,0.0,0.0,0.0,12082719.13,7264308.21,7.25,43888.53,59270.37,0.0,103158.9,103158.9,0.0,7205037.84,6896984.07,4877681.29,1342524.35,12082719.13,100.0
Dec,2038,2038-12-01,Full EMI,,0,0.0,0.0,0.0,12082719.13,7205037.84,7.25,43530.44,59628.46,0.0,103158.9,103158.9,0.0,7145409.38,6940514.5,4937309.75,1342524.35,12082719.13,100.0
Jan,2039,2039-01-01,Full EMI,,0,0.0,0.0,0.0,12082719.13,7145409.38,7.25,43170.18,59988.72,0.0,103158.9,103158.9,0.0,7085420.66,6983684.68,4997298.47,1342524.35,12082719.13,100.0
Feb,2039,2039-02-01,Full EMI,,0,0.0,0.0,0.0,12082719.13,7085420.66,7.25,42807.75,60351.15,0.0,103158.9,103158.9,0.0,7025069.51,7026492.43,5057649.62,1342524.35,12082719.13,100.0
Mar,2039,2039-03-01,Full EMI,,0,0.0,0.0,0.0,12082719.13,7025069.51,7.25,42443.13,60715.77,0.0,103158.9,103158.9,0.0,6964353.74,7068935.56,5118365.39,1342524.35,12082719.13,100.0
Apr,2039,2039-04-01,Full EMI,,0,0.0,0.0,0.0,12082719.13,6964353.74,7.25,42076.3,61082.6,0.0,103158.9,103158.9,0.0,6903271.15,7111011.87,5179447.99,1342524.35,12082719.13,100.0
May,2039,2039-05-01,Full EMI,,0,0.0,0.0,0.0,12082719.13,6903271.15,7.25,41707.26,61451.64,0.0,103158.9,103158.9,0.0,6841819.51,7152719.13,5240899.62,1342524.35,12082719.13,100.0
Jun,2039,2039-06-01,Full EMI,,0,0.0,0.0,0.0,12082719.13,6841819.51,7.25,41335.99,61822.91,0.0,103158.9,103158.9,0.0,6779996.6,7194055.12,5302722.53,1342524.35,12082719.13,100.0
Jul,2039,2039-07-01,Full EMI,,0,0.0,0.0,0.0,12082719.13,6779996.6,7.25,40962.48,62196.42,0.0,103158.9,103158.9,0.0,6717800.18,7235017.6,5364918.95,1342524.35,12082719.13,100.0
Aug,2039,2039-08-01,Full EMI,,0,0.0,0.0,0.0,12082719.13,6717800.18,7.25,40586.71,62572.19,0.0,103158.9,103158.9,0.0,6655227.99,7275604.31,5427491.14,1342524.35,12082719.13,100.0
Sep,2039,2039-09-01,Full EMI,,0,0.0,0.0,0.0,12082719.13,6655227.99,7.25,40208.67,62950.23,0.0,103158.9,103158.9,0.0,6592277.76,7315812.98,5490441.37,1342524.35,12082719.13,100.0
Oct,2039,2039-10-01,Full EMI,,0,0.0,0.0,0.0,12082719.13,6592277.76,7.25,39828.34,63330.55,0.0,103158.9,103158.9,0.0,6528947.21,7355641.33,5553771.92,1342524.35,12082719.13,100.0
Nov,2039,2039-11-01,Full EMI,,0,0.0,0.0,0.0,12082719.13,6528947.21,7.25,39445.72,63713.18,0.0,103158.9,103158.9,0.0,6465234.03,7395087.05,5617485.1,1342524.35,12082719.13,100.0
Dec,2039,2039-12-01,Full EMI,,0,0.0,0.0,0.0,12082719.13,6465234.03,7.25,39060.79,64098.11,0.0,103158.9,103158.9,0.0,6401135.92,7434147.84,5681583.21,1342524.35,12082719.13,100.0
Jan,2040,2040-01-01,Full EMI,,0,0.0,0.0,0.0,12082719.13,6401135.92,7.25,38673.53,64485.37,0.0,103158.9,103158.9,0.0,6336650.55,7472821.37,5746068.58,1342524.35,12082719.13,100.0
Feb,2040,2040-02-01,Full EMI,,0,0.0,0.0,0.0,12082719.13,6336650.55,7.25,38283.93,64874.97,0.0,103158.9,103158.9,0.0,6271775.59,7511105.3,5810943.55,1342524.35,12082719.13,100.0
Mar,2040,2040-03-01,Full EMI,,0,0.0,0.0,0.0,12082719.13,6271775.59,7.25,37891.98,65266.92,0.0,103158.9,103158.9,0.0,6206508.66,7548997.27,5876210.47,1342524.35,12082719.13,100.0
Apr,2040,2040-04-01,Full EMI,,0,0.0,0.0,0.0,12082719.13,6206508.66,7.25,37497.66,65661.24,0.0,103158.9,103158.9,0.0,6140847.42,7586494.93,5941871.71,1342524.35,12082719.13,100.0
May,2040,2040-05-01,Full EMI,,0,0.0,0.0,0.0,12082719.13,6140847.42,7.25,37100.95,66057.95,0.0,103158.9,103158.9,0.0,6074789.48,7623595.88,6007929.66,1342524.35,12082719.13,100.0
Jun,2040,2040-06-01,Full EMI,,0,0.0,0.0,0.0,12082719.13,6074789.48,7.25,36701.85,66457.05,0.0,103158.9,103158.9,0.0,6008332.43,7660297.74,6074386.7,1342524.35,12082719.13,100.0
Jul,2040,2040-07-01,Full EMI,,0,0.0,0.0,0.0,12082719.13,6008332.43,7.25,36300.34,66858.56,0.0,103158.9,103158.9,0.0,5941473.87,7696598.08,6141245.26,1342524.35,12082719.13,100.0
Aug,2040,2040-08-01,Full EMI,,0,0.0,0.0,0.0,12082719.13,5941473.87,7.25,35896.4,67262.49,0.0,103158.9,103158.9,0.0,5874211.38,7732494.48,6208507.75,1342524.35,12082719.13,100.0
Sep,2040,2040-09-01,Full EMI,,0,0.0,0.0,0.0,12082719.13,5874211.38,7.25,35490.03,67668.87,0.0,103158.9,103158.9,0.0,5806542.51,7767984.51,6276176.62,1342524.35,12082719.13,100.0
Oct,2040,2040-10-01,Full EMI,,0,0.0,0.0,0.0,12082719.13,5806542.51,7.25,35081.19,68077.7,0.0,103158.9,103158.9,0.0,5738464.8,7803065.7,6344254.33,1342524.35,12082719.13,100.0
Nov,2040,2040-11-01,Full EMI,,0,0.0,0.0,0.0,12082719.13,5738464.8,7.25,34669.89,68489.01,0.0,103158.9,103158.9,0.0,5669975.79,7837735.6,6412743.34,1342524.35,12082719.13,100.0
Dec,2040,2040-12-01,Full EMI,,0,0.0,0.0,0.0,12082719.13,5669975.79,7.25,34256.1,68902.8,0.0,103158.9,103158.9,0.0,5601073.0,7871991.7,6481646.13,1342524.35,12082719.13,100.0
Jan,2041,2041-01-01,Full EMI,,0,0.0,0.0,0.0,12082719.13,5601073.0,7.25,33839.82,69319.08,0.0,103158.9,103158.9,0.0,5531753.92,7905831.52,6550965.22,1342524.35,12082719.13,100.0
Feb,2041,2041-02-01,Full EMI,,0,0.0,0.0,0.0,12082719.13,5531753.92,7.25,33421.01,69737.89,0.0,103158.9,103158.9,0.0,5462016.03,7939252.53,6620703.1,1342524.35,12082719.13,100.0
Mar,2041,2041-03-01,Full EMI,,0,0.0,0.0,0.0,12082719.13,5462016.03,7.25,32999.68,70159.22,0.0,103158.9,103158.9,0.0,5391856.81,7972252.21,6690862.32,1342524.35,12082719.13,100.0
Apr,2041,2041-04-01,Full EMI,,0,0.0,0.0,0.0,12082719.13,5391856.81,7.25,32575.8,70583.1,0.0,103158.9,103158.9,0.0,5321273.71,8004828.01,6761445.42,1342524.35,12082719.13,100.0
May,2041,2041-05-01,Full EMI,,0,0.0,0.0,0.0,12082719.13,5321273.71,7.25,32149.36,71009.54,0.0,103158.9,103158.9,0.0,5250264.18,8036977.37,6832454.95,1342524.35,12082719.13,100.0
Jun,2041,2041-06-01,Full EMI,,0,0.0,0.0,0.0,12082719.13,5250264.18,7.25,31720.35,71438.55,0.0,103158.9,103158.9,0.0,5178825.62,8068697.72,6903893.51,1342524.35,12082719.13,100.0
Jul,2041,2041-07-01,Full EMI,,0,0.0,0.0,0.0,12082719.13,5178825.62,7.25,31288.74,71870.16,0.0,103158.9,103158.9,0.0,5106955.46,8099986.46,6975763.67,1342524.35,12082719.13,100.0
Aug,2041,2041-08-01,Full EMI,,0,0.0,0.0,0.0,12082719.13,5106955.46,7.25,30854.52,72304.38,0.0,103158.9,103158.9,0.0,5034651.09,8130840.98,7048068.04,1342524.35,12082719.13,100.0
Sep,2041,2041-09-01,Full EMI,,0,0.0,0.0,0.0,12082719.13,5034651.09,7.25,30417.68,72741.22,0.0,103158.9,103158.9,0.0,4961909.87,8161258.66,7120809.26,1342524.35,12082719.13,100.0
Oct,2041,2041-10-01,Full EMI,,0,0.0,0.0,0.0,12082719.13,4961909.87,7.25,29978.21,73180.69,0.0,103158.9,103158.9,0.0,4888729.18,8191236.87,7193989.95,1342524.35,12082719.13,100.0
Nov,2041,2041-11-01,Full EMI,,0,0.0,0.0,0.0,12082719.13,4888729.18,7.25,29536.07,73622.83,0.0,103158.9,103158.9,0.0,4815106.35,8220772.94,7267612.78,1342524.35,12082719.13,100.0
Dec,2041,2041-12-01,Full EMI,,0,0.0,0.0,0.0,12082719.13,4815106.35,7.25,29091.27,74067.63,0.0,103158.9,103158.9,0.0,4741038.72,8249864.21,7341680.41,1342524.35,12082719.13,100.0
Jan,2042,2042-01-01,Full EMI,,0,0.0,0.0,0.0,12082719.13,4741038.72,7.25,28643.78,74515.12,0.0,103158.9,103158.9,0.0,4666523.6,8278507.98,7416195.54,1342524.35,12082719.13,100.0
Feb,2042,2042-02-01,Full EMI,,0,0.0,0.0,0.0,12082719.13,4666523.6,7.25,28193.58,74965.32,0.0,103158.9,103158.9,0.0,4591558.28,8306701.56,7491160.85,1342524.35,12082719.13,100.0
Mar,2042,2042-03-01,Full EMI,,0,0.0,0.0,0.0,12082719.13,4591558.28,7.25,27740.66,75418.23,0.0,103158.9,103158.9,0.0,4516140.04,8334442.23,7566579.09,1342524.35,12082719.13,100.0
Apr,2042,2042-04-01,Full EMI,,0,0.0,0.0,0.0,12082719.13,4516140.04,7.25,27285.01,75873.89,0.0,103158.9,103158.9,0.0,4440266.16,8361727.24,7642452.97,1342524.35,12082719.13,100.0
May,2042,2042-05-01,Full EMI,,0,0.0,0.0,0.0,12082719.13,4440266.16,7.25,26826.61,76332.29,0.0,103158.9,103158.9,0.0,4363933.87,8388553.85,7718785.27,1342524.35,12082719.13,100.0
Jun,2042,2042-06-01,Full EMI,,0,0.0,0.0,0.0,12082719.13,4363933.87,7.25,26365.43,76793.47,0.0,103158.9,103158.9,0.0,4287140.4,8414919.28,7795578.73,1342524.35,12082719.13,100.0
Jul,2042,2042-07-01,Full EMI,,0,0.0,0.0,0.0,12082719.13,4287140.4,7.25,25901.47,77257.43,0.0,103158.9,103158.9,0.0,4209882.98,8440820.76,7872836.16,1342524.35,12082719.13,100.0
Aug,2042,2042-08-01,Full EMI,,0,0.0,0.0,0.0,12082719.13,4209882.98,7.25,25434.71,77724.19,0.0,103158.9,103158.9,0.0,4132158.79,8466255.47,7950560.35,1342524.35,12082719.13,100.0
Sep,2042,2042-09-01,Full EMI,,0,0.0,0.0,0.0,12082719.13,4132158.79,7.25,24965.13,78193.77,0.0,103158.9,103158.9,0.0,4053965.01,8491220.59,8028754.12,1342524.35,12082719.13,100.0
Oct,2042,2042-10-01,Full EMI,,0,0.0,0.0,0.0,12082719.13,4053965.01,7.25,24492.71,78666.19,0.0,103158.9,103158.9,0.0,3975298.82,8515713.3,8107420.31,1342524.35,12082719.13,100.0
Nov,2042,2042-11-01,Full EMI,,0,0.0,0.0,0.0,12082719.13,3975298.82,7.25,24017.43,79141.47,0.0,103158.9,103158.9,0.0,3896157.35,8539730.73,8186561.78,1342524.35,12082719.13,100.0
Dec,2042,2042-12-01,Full EMI,,0,0.0,0.0,0.0,12082719.13,3896157.35,7.25,23539.28,79619.62,0.0,103158.9,103158.9,0.0,3816537.74,8563270.01,8266181.4,1342524.35,12082719.13,100.0
Jan,2043,2043-01-01,Full EMI,,0,0.0,0.0,0.0,12082719.13,3816537.74,7.25,23058.25,80100.65,0.0,103158.9,103158.9,0.0,3736437.09,8586328.26,8346282.05,1342524.35,12082719.13,100.0
Feb,2043,2043-02-01,Full EMI,,0,0.0,0.0,0.0,12082719.13,3736437.09,7.25,22574.31,80584.59,0.0,103158.9,103158.9,0.0,3655852.49,8608902.57,8426866.64,1342524.35,12082719.13,100.0
Mar,2043,2043-03-01,Full EMI,,0,0.0,0.0,0.0,12082719.13,3655852.49,7.25,22087.44,81071.46,0.0,103158.9,103158.9,0.0,3574781.04,8630990.01,8507938.09,1342524.35,12082719.13,100.0
Apr,2043,2043-04-01,Full EMI,,0,0.0,0.0,0.0,12082719.13,3574781.04,7.25,21597.64,81561.26,0.0,103158.9,103158.9,0.0,3493219.77,8652587.65,8589499.36,1342524.35,12082719.13,100.0
May,2043,2043-05-01,Full EMI,,0,0.0,0.0,0.0,12082719.13,3493219.77,7.25,21104.87,82054.03,0.0,103158.9,103158.9,0.0,3411165.74,8673692.52,8671553.39,1342524.35,12082719.13,100.0
Jun,2043,2043-06-01,Full EMI,,0,0.0,0.0,0.0,12082719.13,3411165.74,7.25,20609.13,82549.77,0.0,103158.9,103158.9,0.0,3328615.97,8694301.64,8754103.16,1342524.35,12082719.13,100.0
Jul,2043,2043-07-01,Full EMI,,0,0.0,0.0,0.0,12082719.13,3328615.97,7.25,20110.39,83048.51,0.0,103158.9,103158.9,0.0,3245567.46,8714412.03,8837151.67,1342524.35,12082719.13,100.0
Aug,2043,2043-08-01,Full EMI,,0,0.0,0.0,0.0,12082719.13,3245567.46,7.25,19608.64,83550.26,0.0,103158.9,103158.9,0.0,3162017.2,8734020.67,8920701.93,1342524.35,12082719.13,100.0
Sep,2043,2043-09-01,Full EMI,,0,0.0,0.0,0.0,12082719.13,3162017.2,7.25,19103.85,84055.05,0.0,103158.9,103158.9,0.0,3077962.15,8753124.52,9004756.98,1342524.35,12082719.13,100.0
Oct,2043,2043-10-01,Full EMI,,0,0.0,0.0,0.0,12082719.13,3077962.15,7.25,18596.02,84562.88,0.0,103158.9,103158.9,0.0,2993399.28,8771720.54,9089319.86,1342524.35,12082719.13,100.0
Nov,2043,2043-11-01,Full EMI,,0,0.0,0.0,0.0,12082719.13,2993399.28,7.25,18085.12,85073.78,0.0,103158.9,103158.9,0.0,2908325.5,8789805.66,9174393.63,1342524.35,12082719.13,100.0
Dec,2043,2043-12-01,Full EMI,,0,0.0,0.0,0.0,12082719.13,2908325.5,7.25,17571.13,85587.77,0.0,103158.9,103158.9,0.0,2822737.73,8807376.8,9259981.4,1342524.35,12082719.13,100.0
Jan,2044,2044-01-01,Full EMI,,0,0.0,0.0,0.0,12082719.13,2822737.73,7.25,17054.04,86104.86,0.0,103158.9,103158.9,0.0,2736632.87,8824430.84,9346086.26,1342524.35,12082719.13,100.0
Feb,2044,2044-02-01,Full EMI,,0,0.0,0.0,0.0,12082719.13,2736632.87,7.25,16533.82,86625.08,0.0,103158.9,103158.9,0.0,2650007.8,8840964.66,9432711.33,1342524.35,12082719.13,100.0
Mar,2044,2044-03-01,Full EMI,,0,0.0,0.0,0.0,12082719.13,2650007.8,7.25,16010.46,87148.44,0.0,103158.9,103158.9,0.0,2562859.36,8856975.12,9519859.77,1342524.35,12082719.13,100.0
Apr,2044,2044-04-01,Full EMI,,0,0.0,0.0,0.0,12082719.13,2562859.36,7.25,15483.94,87674.96,0.0,103158.9,103158.9,0.0,2475184.41,8872459.07,9607534.73,1342524.35,12082719.13,100.0
May,2044,2044-05-01,Full EMI,,0,0.0,0.0,0.0,12082719.13,2475184.41,7.25,14954.24,88204.66,0.0,103158.9,103158.9,0.0,2386979.75,8887413.3,9695739.39,1342524.35,12082719.13,100.0
Jun,2044,2044-06-01,Full EMI,,0,0.0,0.0,0.0,12082719.13,2386979.75,7.25,14421.34,88737.56,0.0,103158.9,103158.9,0.0,2298242.18,8901834.64,9784476.95,1342524.35,12082719.13,100.0
Jul,2044,2044-07-01,Full EMI,,0,0.0,0.0,0.0,12082719.13,2298242.18,7.25,13885.21,89273.69,0.0,103158.9,103158.9,0.0,2208968.5,8915719.85,9873750.64,1342524.35,12082719.13,100.0
Aug,2044,2044-08-01,Full EMI,,0,0.0,0.0,0.0,12082719.13,2208968.5,7.25,13345.85,89813.05,0.0,103158.9,103158.9,0.0,2119155.45,8929065.71,9963563.68,1342524.35,12082719.13,100.0
Sep,2044,2044-09-01,Full EMI,,0,0.0,0.0,0.0,12082719.13,2119155.45,7.25,12803.23,90355.67,0.0,103158.9,103158.9,0.0,2028799.78,8941868.94,10053919.35,1342524.35,12082719.13,100.0
Oct,2044,2044-10-01,Full EMI,,0,0.0,0.0,0.0,12082719.13,2028799.78,7.25,12257.33,90901.57,0.0,103158.9,103158.9,0.0,1937898.21,8954126.27,10144820.92,1342524.35,12082719.13,100.0
Nov,2044,2044-11-01,Full EMI,,0,0.0,0.0,0.0,12082719.13,1937898.21,7.25,11708.14,91450.76,0.0,103158.9,103158.9,0.0,1846447.45,8965834.4,10236271.68,1342524.35,12082719.13,100.0
Dec,2044,2044-12-01,Full EMI,,0,0.0,0.0,0.0,12082719.13,1846447.45,7.25,11155.62,92003.28,0.0,103158.9,103158.9,0.0,1754444.17,8976990.02,10328274.96,1342524.35,12082719.13,100.0
Jan,2045,2045-01-01,Full EMI,,0,0.0,0.0,0.0,12082719.13,1754444.17,7.25,10599.77,92559.13,0.0,103158.9,103158.9,0.0,1661885.04,8987589.79,10420834.09,1342524.35,12082719.13,100.0
Feb,2045,2045-02-01,Full EMI,,0,0.0,0.0,0.0,12082719.13,1661885.04,7.25,10040.56,93118.34,0.0,103158.9,103158.9,0.0,1568766.69,8997630.35,10513952.44,1342524.35,12082719.13,100.0
Mar,2045,2045-03-01,Full EMI,,0,0.0,0.0,0.0,12082719.13,1568766.69,7.25,9477.97,93680.93,0.0,103158.9,103158.9,0.0,1475085.76,9007108.31,10607633.37,1342524.35,12082719.13,100.0
Apr,2045,2045-04-01,Full EMI,,0,0.0,0.0,0.0,12082719.13,1475085.76,7.25,8911.98,94246.92,0.0,103158.9,103158.9,0.0,1380838.84,9016020.29,10701880.29,1342524.35,12082719.13,100.0
May,2045,2045-05-01,Full EMI,,0,0.0,0.0,0.0,12082719.13,1380838.84,7.25,8342.57,94816.33,0.0,103158.9,103158.9,0.0,1286022.51,9024362.86,10796696.62,1342524.35,12082719.13,100.0
Jun,2045,2045-06-01,Full EMI,,0,0.0,0.0,0.0,12082719.13,1286022.51,7.25,7769.72,95389.18,0.0,103158.9,103158.9,0.0,1190633.33,9032132.57,10892085.8,1342524.35,12082719.13,100.0
Jul,2045,2045-07-01,Full EMI,,0,0.0,0.0,0.0,12082719.13,1190633.33,7.25,7193.41,95965.49,0.0,103158.9,103158.9,0.0,1094667.84,9039325.98,10988051.29,1342524.35,12082719.13,100.0
Aug,2045,2045-08-01,Full EMI,,0,0.0,0.0,0.0,12082719.13,1094667.84,7.25,6613.62,96545.28,0.0,103158.9,103158.9,0.0,998122.56,9045939.6,11084596.57,1342524.35,12082719.13,100.0
Sep,2045,2045-09-01,Full EMI,,0,0.0,0.0,0.0,12082719.13,998122.56,7.25,6030.32,97128.58,0.0,103158.9,103158.9,0.0,900993.98,9051969.93,11181725.15,1342524.35,12082719.13,100.0
Oct,2045,2045-10-01,Full EMI,,0,0.0,0.0,0.0,12082719.13,900993.98,7.25,5443.51,97715.39,0.0,103158.9,103158.9,0.0,803278.59,9057413.43,11279440.54,1342524.35,12082719.13,100.0
Nov,2045,2045-11-01,Full EMI,,0,0.0,0.0,0.0,12082719.13,803278.59,7.25,4853.14,98305.76,0.0,103158.9,103158.9,0.0,704972.83,9062266.57,11377746.3,1342524.35,12082719.13,100.0
Dec,2045,2045-12-01,Full EMI,,0,0.0,0.0,0.0,12082719.13,704972.83,7.25,4259.21,98899.69,0.0,103158.9,103158.9,0.0,606073.14,9066525.78,11476645.99,1342524.35,12082719.13,100.0
Jan,2046,2046-01-01,Full EMI,,0,0.0,0.0,0.0,12082719.13,606073.14,7.25,3661.69,99497.21,0.0,103158.9,103158.9,0.0,506575.94,9070187.48,11576143.2,1342524.35,12082719.13,100.0
Feb,2046,2046-02-01,Full EMI,,0,0.0,0.0,0.0,12082719.13,506575.94,7.25,3060.56,100098.34,0.0,103158.9,103158.9,0.0,406477.6,9073248.04,11676241.53,1342524.35,12082719.13,100.0
Mar,2046,2046-03-01,Full EMI,,0,0.0,0.0,0.0,12082719.13,406477.6,7.25,2455.8,100703.1,0.0,103158.9,103158.9,0.0,305774.5,9075703.84,11776944.63,1342524.35,12082719.13,100.0
Apr,2046,2046-04-01,Full EMI,,0,0.0,0.0,0.0,12082719.13,305774.5,7.25,1847.39,101311.51,0.0,103158.9,103158.9,0.0,204462.99,9077551.23,11878256.14,1342524.35,12082719.13,100.0
May,2046,2046-05-01,Full EMI,,0,0.0,0.0,0.0,12082719.13,204462.99,7.25,1235.3,101923.6,0.0,103158.9,103158.9,0.0,102539.39,9078786.53,11980179.74,1342524.35,12082719.13,100.0
Jun,2046,2046-06-01,Full EMI,,0,0.0,0.0,0.0,12082719.13,102539.39,7.25,619.51,102539.39,0.0,103158.9,103158.9,0.0,0.0,9079406.03,12082719.13,1342524.35,12082719.13,100.0
