Month,Year,Phase,Loan Disbursed This Month (Rs.),Total Loan Disbursed (Rs.),Interest (Rs.),Principal (Rs.),Pre-EMI Interest Payment (Rs.),EMI (Rs.),Prepayment (Rs.),Outstanding Loan Balance (Rs.),% of Property Value Paid to Godrej
Jul,2026,Full EMI,0.0,0.0,0.0,0.0,0.0,0.0,0.0,0.0,10.0
Aug,2026,Full EMI,0.0,0.0,0.0,0.0,0.0,0.0,0.0,0.0,10.0
Sep,2026,Full EMI,1342524.35,1342524.35,0.0,0.0,0.0,0.0,0.0,1342524.35,20.0
Oct,2026,Full EMI,0.0,1342524.35,8111.08,2559.88,0.0,10670.96,0.0,1339964.47,20.0
Nov,2026,Full EMI,0.0,1342524.35,8095.62,2575.34,0.0,10670.96,0.0,1337389.13,20.0
Dec,2026,Full EMI,0.0,1342524.35,8080.06,2590.9,0.0,10670.96,0.0,1334798.22,20.0
Jan,2027,Full EMI,0.0,1342524.35,8064.41,2606.56,0.0,10670.96,0.0,1332191.67,20.0
Feb,2027,Full EMI,0.0,1342524.35,8048.66,2622.3,0.0,10670.96,0.0,1329569.37,20.0
Mar,2027,Full EMI,0.0,1342524.35,8032.81,2638.15,0.0,10670.96,0.0,1326931.22,20.0
Apr,2027,Full EMI,0.0,1342524.35,8016.88,2654.09,0.0,10670.96,0.0,1324277.13,20.0
May,2027,Full EMI,0.0,1342524.35,8000.84,2670.12,0.0,10670.96,0.0,1321607.01,20.0
Jun,2027,Full EMI,0.0,1342524.35,7984.71,2686.25,0.0,10670.96,0.0,1318920.76,20.0
Jul,2027,Full EMI,0.0,1342524.35,7968.48,2702.48,0.0,10670.96,0.0,1316218.28,20.0
Aug,2027,Full EMI,0.0,1342524.35,7952.15,2718.81,0.0,10670.96,0.0,1313499.47,20.0
Sep,2027,Full EMI,1342524.35,2685048.7,7935.73,2735.24,0.0,10670.96,0.0,2653288.58,30.0
Oct,2027,Full EMI,0.0,2685048.7,16030.29,5570.2,0.0,21600.48,0.0,2647718.38,30.0
Nov,2027,Full EMI,0.0,2685048.7,15996.63,5603.85,0.0,21600.48,0.0,2642114.53,30.0
Dec,2027,Full EMI,671262.17,3356310.87,15962.78,5637.71,0.0,21600.48,0.0,3307738.99,35.0
Jan,2028,Full EMI,0.0,3356310.87,19984.26,7115.83,0.0,27100.09,0.0,3300623.16,35.0
Feb,2028,Full EMI,0.0,3356310.87,19941.26,7158.83,0.0,27100.09,0.0,3293464.33,35.0
Mar,2028,Full EMI,0.0,3356310.87,19898.01,7202.08,0.0,27100.09,0.0,3286262.26,35.0
Apr,2028,Full EMI,0.0,3356310.87,19854.5,7245.59,0.0,27100.09,0.0,3279016.67,35.0
May,2028,Full EMI,0.0,3356310.87,19810.73,7289.37,0.0,27100.09,0.0,3271727.3,35.0
Jun,2028,Full EMI,0.0,3356310.87,19766.69,7333.41,0.0,27100.09,0.0,3264393.9,35.0
Jul,2028,Full EMI,671262.17,4027573.04,19722.38,7377.71,0.0,27100.09,0.0,3928278.36,40.0
Aug,2028,Full EMI,0.0,4027573.04,23733.35,8952.0,0.0,32685.35,0.0,3919326.36,40.0
Sep,2028,Full EMI,671262.17,4698835.22,23679.26,9006.08,0.0,32685.35,0.0,4581582.45,45.0
Oct,2028,Full EMI,0.0,4698835.22,27680.39,10615.86,0.0,38296.25,0.0,4570966.59,45.0
Nov,2028,Full EMI,0.0,4698835.22,27616.26,10679.99,0.0,38296.25,0.0,4560286.6,45.0
Dec,2028,Full EMI,671262.17,5370097.39,27551.73,10744.52,0.0,38296.25,0.0,5220804.25,50.0
Jan,2029,Full EMI,0.0,5370097.39,31542.36,12404.31,0.0,43946.67,0.0,5208399.94,50.0
Feb,2029,Full EMI,0.0,5370097.39,31467.42,12479.26,0.0,43946.67,0.0,5195920.69,50.0
Mar,2029,Full EMI,671262.17,6041359.57,31392.02,12554.65,0.0,43946.67,0.0,5854628.21,55.0
Apr,2029,Full EMI,0.0,6041359.57,35371.71,14266.19,0.0,49637.9,0.0,5840362.02,55.0
May,2029,Full EMI,0.0,6041359.57,35285.52,14352.38,0.0,49637.9,0.0,5826009.63,55.0
Jun,2029,Full EMI,671262.17,6712621.74,35198.81,14439.1,0.0,49637.9,0.0,6482832.71,60.0
Jul,2029,Full EMI,0.0,6712621.74,39167.11,16204.19,0.0,55371.3,0.0,6466628.52,60.0
Aug,2029,Full EMI,671262.17,7383883.91,39069.21,16302.09,0.0,55371.3,0.0,7121588.61,65.0
Sep,2029,Full EMI,0.0,7383883.91,43026.26,18107.33,0.0,61133.59,0.0,7103481.28,65.0
Oct,2029,Full EMI,671262.17,8055146.09,42916.87,18216.73,0.0,61133.59,0.0,7756526.73,70.0
Nov,2029,Full EMI,0.0,8055146.09,46862.35,20063.08,0.0,66925.43,0.0,7736463.65,70.0
Dec,2029,Full EMI,0.0,8055146.09,46741.13,20184.29,0.0,66925.43,0.0,7716279.36,70.0
Jan,2030,Full EMI,0.0,8055146.09,46619.19,20306.24,0.0,66925.43,0.0,7695973.12,70.0
Feb,2030,Full EMI,0.0,8055146.09,46496.5,20428.92,0.0,66925.43,0.0,7675544.2,70.0
Mar,2030,Full EMI,0.0,8055146.09,46373.08,20552.35,0.0,66925.43,0.0,7654991.86,70.0
Apr,2030,Full EMI,0.0,8055146.09,46248.91,20676.52,0.0,66925.43,0.0,7634315.34,70.0
May,2030,Full EMI,0.0,8055146.09,46123.99,20801.44,0.0,66925.43,0.0,7613513.9,70.0
Jun,2030,Full EMI,1342524.35,9397670.44,45998.31,20927.11,0.0,66925.43,0.0,8935111.14,80.0
Jul,2030,Full EMI,0.0,9397670.44,53982.96,24776.24,0.0,78759.21,0.0,8910334.89,80.0
Aug,2030,Full EMI,0.0,9397670.44,53833.27,24925.93,0.0,78759.21,0.0,8885408.96,80.0
Sep,2030,Full EMI,0.0,9397670.44,53682.68,25076.53,0.0,78759.21,0.0,8860332.43,80.0
Oct,2030,Full EMI,0.0,9397670.44,53531.18,25228.03,0.0,78759.21,0.0,8835104.4,80.0
Nov,2030,Full EMI,0.0,9397670.44,53378.76,25380.45,0.0,78759.21,0.0,8809723.94,80.0
Dec,2030,Full EMI,0.0,9397670.44,53225.42,25533.79,0.0,78759.21,0.0,8784190.15,80.0
Jan,2031,Full EMI,0.0,9397670.44,53071.15,25688.06,0.0,78759.21,0.0,8758502.09,80.0
Feb,2031,Full EMI,0.0,9397670.44,52915.95,25843.26,0.0,78759.21,0.0,8732658.84,80.0
Mar,2031,Full EMI,1342524.35,10740194.78,52759.81,25999.39,0.0,78759.21,0.0,10049183.79,90.0
Apr,2031,Full EMI,0.0,10740194.78,60713.82,30189.67,0.0,90903.49,0.0,10018994.12,90.0
May,2031,Full EMI,0.0,10740194.78,60531.42,30372.07,0.0,90903.49,0.0,9988622.05,90.0
Jun,2031,Full EMI,1342524.35,12082719.13,60347.92,30555.57,0.0,90903.49,0.0,11300590.83,100.0
Jul,2031,Full EMI,0.0,12082719.13,68274.4,34884.5,0.0,103158.9,0.0,11265706.33,100.0
Aug,2031,Full EMI,0.0,12082719.13,68063.64,35095.26,0.0,103158.9,0.0,11230611.07,100.0
Sep,2031,Full EMI,0.0,12082719.13,67851.61,35307.29,0.0,103158.9,0.0,11195303.78,100.0
Oct,2031,Full EMI,0.0,12082719.13,67638.29,35520.61,0.0,103158.9,0.0,11159783.18,100.0
Nov,2031,Full EMI,0.0,12082719.13,67423.69,35735.21,0.0,103158.9,0.0,11124047.97,100.0
Dec,2031,Full EMI,0.0,12082719.13,67207.79,35951.11,0.0,103158.9,0.0,11088096.86,100.0
Jan,2032,Full EMI,0.0,12082719.13,66990.59,36168.31,0.0,103158.9,0.0,11051928.55,100.0
Feb,2032,Full EMI,0.0,12082719.13,66772.07,36386.83,0.0,103158.9,0.0,11015541.72,100.0
Mar,2032,Full EMI,0.0,12082719.13,66552.23,36606.67,0.0,103158.9,0.0,10978935.05,100.0
Apr,2032,Full EMI,0.0,12082719.13,66331.07,36827.83,0.0,103158.9,0.0,10942107.22,100.0
May,2032,Full EMI,0.0,12082719.13,66108.56,37050.33,0.0,103158.9,0.0,10905056.88,100.0
Jun,2032,Full EMI,0.0,12082719.13,65884.72,37274.18,0.0,103158.9,0.0,10867782.7,100.0
Jul,2032,Full EMI,0.0,12082719.13,65659.52,37499.38,0.0,103158.9,0.0,10830283.32,100.0
Aug,2032,Full EMI,0.0,12082719.13,65432.96,37725.94,0.0,103158.9,0.0,10792557.38,100.0
Sep,2032,Full EMI,0.0,12082719.13,65205.03,37953.86,0.0,103158.9,0.0,10754603.52,100.0
Oct,2032,Full EMI,0.0,12082719.13,64975.73,38183.17,0.0,103158.9,0.0,10716420.35,100.0
Nov,2032,Full EMI,0.0,12082719.13,64745.04,38413.86,0.0,103158.9,0.0,10678006.49,100.0
Dec,2032,Full EMI,0.0,12082719.13,64512.96,38645.94,0.0,103158.9,0.0,10639360.55,100.0
Jan,2033,Full EMI,0.0,12082719.13,64279.47,38879.43,0.0,103158.9,0.0,10600481.12,100.0
Feb,2033,Full EMI,0.0,12082719.13,64044.57,39114.33,0.0,103158.9,0.0,10561366.79,100.0
Mar,2033,Full EMI,0.0,12082719.13,63808.26,39350.64,0.0,103158.9,0.0,10522016.15,100.0
Apr,2033,Full EMI,0.0,12082719.13,63570.51,39588.38,0.0,103158.9,0.0,10482427.77,100.0
May,2033,Full EMI,0.0,12082719.13,63331.33,39827.56,0.0,103158.9,0.0,10442600.2,100.0
Jun,2033,Full EMI,0.0,12082719.13,63090.71,40068.19,0.0,103158.9,0.0,10402532.01,100.0
Jul,2033,Full EMI,0.0,12082719.13,62848.63,40310.27,0.0,103158.9,0.0,10362221.75,100.0
Aug,2033,Full EMI,0.0,12082719.13,62605.09,40553.81,0.0,103158.9,0.0,10321667.94,100.0
Sep,2033,Full EMI,0.0,12082719.13,62360.08,40798.82,0.0,103158.9,0.0,10280869.11,100.0
Oct,2033,Full EMI,0.0,12082719.13,62113.58,41045.31,0.0,103158.9,0.0,10239823.8,100.0
Nov,2033,Full EMI,0.0,12082719.13,61865.6,41293.3,0.0,103158.9,0.0,10198530.5,100.0
Dec,2033,Full EMI,0.0,12082719.13,61616.12,41542.78,0.0,103158.9,0.0,10156987.73,100.0
Jan,2034,Full EMI,0.0,12082719.13,61365.13,41793.76,0.0,103158.9,0.0,10115193.96,100.0
Feb,2034,Full EMI,0.0,12082719.13,61112.63,42046.27,0.0,103158.9,0.0,10073147.69,100.0
Mar,2034,Full EMI,0.0,12082719.13,60858.6,42300.3,0.0,103158.9,0.0,10030847.39,100.0
Apr,2034,Full EMI,0.0,12082719.13,60603.04,42555.86,0.0,103158.9,0.0,9988291.53,100.0
May,2034,Full EMI,0.0,12082719.13,60345.93,42812.97,0.0,103158.9,0.0,9945478.56,100.0
Jun,2034,Full EMI,0.0,12082719.13,60087.27,43071.63,0.0,103158.9,0.0,9902406.93,100.0
Jul,2034,Full EMI,0.0,12082719.13,59827.04,43331.86,0.0,103158.9,0.0,9859075.07,100.0
Aug,2034,Full EMI,0.0,12082719.13,59565.25,43593.65,0.0,103158.9,0.0,9815481.42,100.0
Sep,2034,Full EMI,0.0,12082719.13,59301.87,43857.03,0.0,103158.9,0.0,9771624.38,100.0
Oct,2034,Full EMI,0.0,12082719.13,59036.9,44122.0,0.0,103158.9,0.0,9727502.38,100.0
Nov,2034,Full EMI,0.0,12082719.13,58770.33,44388.57,0.0,103158.9,0.0,9683113.81,100.0
Dec,2034,Full EMI,0.0,12082719.13,58502.15,44656.75,0.0,103158.9,0.0,9638457.06,100.0
Jan,2035,Full EMI,0.0,12082719.13,58232.34,44926.55,0.0,103158.9,0.0,9593530.5,100.0
Feb,2035,Full EMI,0.0,12082719.13,57960.91,45197.99,0.0,103158.9,0.0,9548332.52,100.0
Mar,2035,Full EMI,0.0,12082719.13,57687.84,45471.06,0.0,103158.9,0.0,9502861.46,100.0
Apr,2035,Full EMI,0.0,12082719.13,57413.12,45745.78,0.0,103158.9,0.0,9457115.68,100.0
May,2035,Full EMI,0.0,12082719.13,57136.74,46022.16,0.0,103158.9,0.0,9411093.52,100.0
Jun,2035,Full EMI,0.0,12082719.13,56858.69,46300.21,0.0,103158.9,0.0,9364793.32,100.0
Jul,2035,Full EMI,0.0,12082719.13,56578.96,46579.94,0.0,103158.9,0.0,9318213.38,100.0
Aug,2035,Full EMI,0.0,12082719.13,56297.54,46861.36,0.0,103158.9,0.0,9271352.02,100.0
Sep,2035,Full EMI,0.0,12082719.13,56014.42,47144.48,0.0,103158.9,0.0,9224207.54,100.0
Oct,2035,Full EMI,0.0,12082719.13,55729.59,47429.31,0.0,103158.9,0.0,9176778.22,100.0
Nov,2035,Full EMI,0.0,12082719.13,55443.04,47715.86,0.0,103158.9,0.0,9129062.36,100.0
Dec,2035,Full EMI,0.0,12082719.13,55154.75,48004.15,0.0,103158.9,0.0,9081058.21,100.0
Jan,2036,Full EMI,0.0,12082719.13,54864.73,48294.17,0.0,103158.9,0.0,9032764.04,100.0
Feb,2036,Full EMI,0.0,12082719.13,54572.95,48585.95,0.0,103158.9,0.0,8984178.09,100.0
Mar,2036,Full EMI,0.0,12082719.13,54279.41,48879.49,0.0,103158.9,0.0,8935298.6,100.0
Apr,2036,Full EMI,0.0,12082719.13,53984.1,49174.8,0.0,103158.9,0.0,8886123.8,100.0
May,2036,Full EMI,0.0,12082719.13,53687.0,49471.9,0.0,103158.9,0.0,8836651.9,100.0
Jun,2036,Full EMI,0.0,12082719.13,53388.11,49770.79,0.0,103158.9,0.0,8786881.1,100.0
Jul,2036,Full EMI,0.0,12082719.13,53087.41,50071.49,0.0,103158.9,0.0,8736809.61,100.0
Aug,2036,Full EMI,0.0,12082719.13,52784.89,50374.01,0.0,103158.9,0.0,8686435.6,100.0
Sep,2036,Full EMI,0.0,12082719.13,52480.55,50678.35,0.0,103158.9,0.0,8635757.25,100.0
Oct,2036,Full EMI,0.0,12082719.13,52174.37,50984.53,0.0,103158.9,0.0,8584772.72,100.0
Nov,2036,Full EMI,0.0,12082719.13,51866.34,51292.56,0.0,103158.9,0.0,8533480.16,100.0
Dec,2036,Full EMI,0.0,12082719.13,51556.44,51602.46,0.0,103158.9,0.0,8481877.7,100.0
Jan,2037,Full EMI,0.0,12082719.13,51244.68,51914.22,0.0,103158.9,0.0,8429963.48,100.0
Feb,2037,Full EMI,0.0,12082719.13,50931.03,52227.87,0.0,103158.9,0.0,8377735.61,100.0
Mar,2037,Full EMI,0.0,12082719.13,50615.49,52543.41,0.0,103158.9,0.0,8325192.2,100.0
Apr,2037,Full EMI,0.0,12082719.13,50298.04,52860.86,0.0,103158.9,0.0,8272331.33,100.0
May,2037,Full EMI,0.0,12082719.13,49978.67,53180.23,0.0,103158.9,0.0,8219151.1,100.0
Jun,2037,Full EMI,0.0,12082719.13,49657.37,53501.53,0.0,103158.9,0.0,8165649.58,100.0
Jul,2037,Full EMI,0.0,12082719.13,49334.13,53824.77,0.0,103158.9,0.0,8111824.81,100.0
Aug,2037,Full EMI,0.0,12082719.13,49008.94,54149.96,0.0,103158.9,0.0,8057674.85,100.0
Sep,2037,Full EMI,0.0,12082719.13,48681.79,54477.11,0.0,103158.9,0.0,8003197.74,100.0
Oct,2037,Full EMI,0.0,12082719.13,48352.65,54806.25,0.0,103158.9,0.0,7948391.49,100.0
Nov,2037,Full EMI,0.0,12082719.13,48021.53,55137.37,0.0,103158.9,0.0,7893254.12,100.0
Dec,2037,Full EMI,0.0,12082719.13,47688.41,55470.49,0.0,103158.9,0.0,7837783.64,100.0
Jan,2038,Full EMI,0.0,12082719.13,47353.28,55805.62,0.0,103158.9,0.0,7781978.01,100.0
Feb,2038,Full EMI,0.0,12082719.13,47016.12,56142.78,0.0,103158.9,0.0,7725835.23,100.0
Mar,2038,Full EMI,0.0,12082719.13,46676.92,56481.98,0.0,103158.9,0.0,7669353.25,100.0
Apr,2038,Full EMI,0.0,12082719.13,46335.68,56823.22,0.0,103158.9,0.0,7612530.03,100.0
May,2038,Full EMI,0.0,12082719.13,45992.37,57166.53,0.0,103158.9,0.0,7555363.5,100.0
Jun,2038,Full EMI,0.0,12082719.13,45646.99,57511.91,0.0,103158.9,0.0,7497851.59,100.0
Jul,2038,Full EMI,0.0,12082719.13,45299.52,57859.38,0.0,103158.9,0.0,7439992.21,100.0
Aug,2038,Full EMI,0.0,12082719.13,44949.95,58208.95,0.0,103158.9,0.0,7381783.26,100.0
Sep,2038,Full EMI,0.0,12082719.13,44598.27,58560.63,0.0,103158.9,0.0,7323222.64,100.0
Oct,2038,Full EMI,0.0,12082719.13,44244.47,58914.43,0.0,103158.9,0.0,7264308.21,100.0
Nov,2038,Full EMI,0.0,12082719.13,43888.53,59270.37,0.0,103158.9,0.0,7205037.84,100.0
Dec,2038,Full EMI,0.0,12082719.13,43530.44,59628.46,0.0,103158.9,0.0,7145409.38,100.0
Jan,2039,Full EMI,0.0,12082719.13,43170.18,59988.72,0.0,103158.9,0.0,7085420.66,100.0
Feb,2039,Full EMI,0.0,12082719.13,42807.75,60351.15,0.0,103158.9,0.0,7025069.51,100.0
Mar,2039,Full EMI,0.0,12082719.13,42443.13,60715.77,0.0,103158.9,0.0,6964353.74,100.0
Apr,2039,Full EMI,0.0,12082719.13,42076.3,61082.6,0.0,103158.9,0.0,6903271.15,100.0
May,2039,Full EMI,0.0,12082719.13,41707.26,61451.64,0.0,103158.9,0.0,6841819.51,100.0
Jun,2039,Full EMI,0.0,12082719.13,41335.99,61822.91,0.0,103158.9,0.0,6779996.6,100.0
Jul,2039,Full EMI,0.0,12082719.13,40962.48,62196.42,0.0,103158.9,0.0,6717800.18,100.0
Aug,2039,Full EMI,0.0,12082719.13,40586.71,62572.19,0.0,103158.9,0.0,6655227.99,100.0
Sep,2039,Full EMI,0.0,12082719.13,40208.67,62950.23,0.0,103158.9,0.0,6592277.76,100.0
Oct,2039,Full EMI,0.0,12082719.13,39828.34,63330.55,0.0,103158.9,0.0,6528947.21,100.0
Nov,2039,Full EMI,0.0,12082719.13,39445.72,63713.18,0.0,103158.9,0.0,6465234.03,100.0
Dec,2039,Full EMI,0.0,12082719.13,39060.79,64098.11,0.0,103158.9,0.0,6401135.92,100.0
Jan,2040,Full EMI,0.0,12082719.13,38673.53,64485.37,0.0,103158.9,0.0,6336650.55,100.0
Feb,2040,Full EMI,0.0,12082719.13,38283.93,64874.97,0.0,103158.9,0.0,6271775.59,100.0
Mar,2040,Full EMI,0.0,12082719.13,37891.98,65266.92,0.0,103158.9,0.0,6206508.66,100.0
Apr,2040,Full EMI,0.0,12082719.13,37497.66,65661.24,0.0,103158.9,0.0,6140847.42,100.0
May,2040,Full EMI,0.0,12082719.13,37100.95,66057.95,0.0,103158.9,0.0,6074789.48,100.0
Jun,2040,Full EMI,0.0,12082719.13,36701.85,66457.05,0.0,103158.9,0.0,6008332.43,100.0
Jul,2040,Full EMI,0.0,12082719.13,36300.34,66858.56,0.0,103158.9,0.0,5941473.87,100.0
Aug,2040,Full EMI,0.0,12082719.13,35896.4,67262.49,0.0,103158.9,0.0,5874211.38,100.0
Sep,2040,Full EMI,0.0,12082719.13,35490.03,67668.87,0.0,103158.9,0.0,5806542.51,100.0
Oct,2040,Full EMI,0.0,12082719.13,35081.19,68077.7,0.0,103158.9,0.0,5738464.8,100.0
Nov,2040,Full EMI,0.0,12082719.13,34669.89,68489.01,0.0,103158.9,0.0,5669975.79,100.0
Dec,2040,Full EMI,0.0,12082719.13,34256.1,68902.8,0.0,103158.9,0.0,5601073.0,100.0
Jan,2041,Full EMI,0.0,12082719.13,33839.82,69319.08,0.0,103158.9,0.0,5531753.92,100.0
Feb,2041,Full EMI,0.0,12082719.13,33421.01,69737.89,0.0,103158.9,0.0,5462016.03,100.0
Mar,2041,Full EMI,0.0,12082719.13,32999.68,70159.22,0.0,103158.9,0.0,5391856.81,100.0
Apr,2041,Full EMI,0.0,12082719.13,32575.8,70583.1,0.0,103158.9,0.0,5321273.71,100.0
May,2041,Full EMI,0.0,12082719.13,32149.36,71009.54,0.0,103158.9,0.0,5250264.18,100.0
Jun,2041,Full EMI,0.0,12082719.13,31720.35,71438.55,0.0,103158.9,0.0,5178825.62,100.0
Jul,2041,Full EMI,0.0,12082719.13,31288.74,71870.16,0.0,103158.9,0.0,5106955.46,100.0
Aug,2041,Full EMI,0.0,12082719.13,30854.52,72304.38,0.0,103158.9,0.0,5034651.09,100.0
Sep,2041,Full EMI,0.0,12082719.13,30417.68,72741.22,0.0,103158.9,0.0,4961909.87,100.0
Oct,2041,Full EMI,0.0,12082719.13,29978.21,73180.69,0.0,103158.9,0.0,4888729.18,100.0
Nov,2041,Full EMI,0.0,12082719.13,29536.07,73622.83,0.0,103158.9,0.0,4815106.35,100.0
Dec,2041,Full EMI,0.0,12082719.13,29091.27,74067.63,0.0,103158.9,0.0,4741038.72,100.0
Jan,2042,Full EMI,0.0,12082719.13,28643.78,74515.12,0.0,103158.9,0.0,4666523.6,100.0
Feb,2042,Full EMI,0.0,12082719.13,28193.58,74965.32,0.0,103158.9,0.0,4591558.28,100.0
Mar,2042,Full EMI,0.0,12082719.13,27740.66,75418.23,0.0,103158.9,0.0,4516140.04,100.0
Apr,2042,Full EMI,0.0,12082719.13,27285.01,75873.89,0.0,103158.9,0.0,4440266.16,100.0
May,2042,Full EMI,0.0,12082719.13,26826.61,76332.29,0.0,103158.9,0.0,4363933.87,100.0
Jun,2042,Full EMI,0.0,12082719.13,26365.43,76793.47,0.0,103158.9,0.0,4287140.4,100.0
Jul,2042,Full EMI,0.0,12082719.13,25901.47,77257.43,0.0,103158.9,0.0,4209882.98,100.0
Aug,2042,Full EMI,0.0,12082719.13,25434.71,77724.19,0.0,103158.9,0.0,4132158.79,100.0
Sep,2042,Full EMI,0.0,12082719.13,24965.13,78193.77,0.0,103158.9,0.0,4053965.01,100.0
Oct,2042,Full EMI,0.0,12082719.13,24492.71,78666.19,0.0,103158.9,0.0,3975298.82,100.0
Nov,2042,Full EMI,0.0,12082719.13,24017.43,79141.47,0.0,103158.9,0.0,3896157.35,100.0
Dec,2042,Full EMI,0.0,12082719.13,23539.28,79619.62,0.0,103158.9,0.0,3816537.74,100.0
Jan,2043,Full EMI,0.0,12082719.13,23058.25,80100.65,0.0,103158.9,0.0,3736437.09,100.0
Feb,2043,Full EMI,0.0,12082719.13,22574.31,80584.59,0.0,103158.9,0.0,3655852.49,100.0
Mar,2043,Full EMI,0.0,12082719.13,22087.44,81071.46,0.0,103158.9,0.0,3574781.04,100.0
Apr,2043,Full EMI,0.0,12082719.13,21597.64,81561.26,0.0,103158.9,0.0,3493219.77,100.0
May,2043,Full EMI,0.0,12082719.13,21104.87,82054.03,0.0,103158.9,0.0,3411165.74,100.0
Jun,2043,Full EMI,0.0,12082719.13,20609.13,82549.77,0.0,103158.9,0.0,3328615.97,100.0
Jul,2043,Full EMI,0.0,12082719.13,20110.39,83048.51,0.0,103158.9,0.0,3245567.46,100.0
Aug,2043,Full EMI,0.0,12082719.13,19608.64,83550.26,0.0,103158.9,0.0,3162017.2,100.0
Sep,2043,Full EMI,0.0,12082719.13,19103.85,84055.05,0.0,103158.9,0.0,3077962.15,100.0
Oct,2043,Full EMI,0.0,12082719.13,18596.02,84562.88,0.0,103158.9,0.0,2993399.28,100.0
Nov,2043,Full EMI,0.0,12082719.13,18085.12,85073.78,0.0,103158.9,0.0,2908325.5,100.0
Dec,2043,Full EMI,0.0,12082719.13,17571.13,85587.77,0.0,103158.9,0.0,2822737.73,100.0
Jan,2044,Full EMI,0.0,12082719.13,17054.04,86104.86,0.0,103158.9,0.0,2736632.87,100.0
Feb,2044,Full EMI,0.0,12082719.13,16533.82,86625.08,0.0,103158.9,0.0,2650007.8,100.0
Mar,2044,Full EMI,0.0,12082719.13,16010.46,87148.44,0.0,103158.9,0.0,2562859.36,100.0
Apr,2044,Full EMI,0.0,12082719.13,15483.94,87674.96,0.0,103158.9,0.0,2475184.41,100.0
May,2044,Full EMI,0.0,12082719.13,14954.24,88204.66,0.0,103158.9,0.0,2386979.75,100.0
Jun,2044,Full EMI,0.0,12082719.13,14421.34,88737.56,0.0,103158.9,0.0,2298242.18,100.0
Jul,2044,Full EMI,0.0,12082719.13,13885.21,89273.69,0.0,103158.9,0.0,2208968.5,100.0
Aug,2044,Full EMI,0.0,12082719.13,13345.85,89813.05,0.0,103158.9,0.0,2119155.45,100.0
Sep,2044,Full EMI,0.0,12082719.13,12803.23,90355.67,0.0,103158.9,0.0,2028799.78,100.0
Oct,2044,Full EMI,0.0,12082719.13,12257.33,90901.57,0.0,103158.9,0.0,1937898.21,100.0
Nov,2044,Full EMI,0.0,12082719.13,11708.14,91450.76,0.0,103158.9,0.0,1846447.45,100.0
Dec,2044,Full EMI,0.0,12082719.13,11155.62,92003.28,0.0,103158.9,0.0,1754444.17,100.0
Jan,2045,Full EMI,0.0,12082719.13,10599.77,92559.13,0.0,103158.9,0.0,1661885.04,100.0
Feb,2045,Full EMI,0.0,12082719.13,10040.56,93118.34,0.0,103158.9,0.0,1568766.69,100.0
Mar,2045,Full EMI,0.0,12082719.13,9477.97,93680.93,0.0,103158.9,0.0,1475085.76,100.0
Apr,2045,Full EMI,0.0,12082719.13,8911.98,94246.92,0.0,103158.9,0.0,1380838.84,100.0
May,2045,Full EMI,0.0,12082719.13,8342.57,94816.33,0.0,103158.9,0.0,1286022.51,100.0
Jun,2045,Full EMI,0.0,12082719.13,7769.72,95389.18,0.0,103158.9,0.0,1190633.33,100.0
Jul,2045,Full EMI,0.0,12082719.13,7193.41,95965.49,0.0,103158.9,0.0,1094667.84,100.0
Aug,2045,Full EMI,0.0,12082719.13,6613.62,96545.28,0.0,103158.9,0.0,998122.56,100.0
Sep,2045,Full EMI,0.0,12082719.13,6030.32,97128.58,0.0,103158.9,0.0,900993.98,100.0
Oct,2045,Full EMI,0.0,12082719.13,5443.51,97715.39,0.0,103158.9,0.0,803278.59,100.0
Nov,2045,Full EMI,0.0,12082719.13,4853.14,98305.76,0.0,103158.9,0.0,704972.83,100.0
Dec,2045,Full EMI,0.0,12082719.13,4259.21,98899.69,0.0,103158.9,0.0,606073.14,100.0
Jan,2046,Full EMI,0.0,12082719.13,3661.69,99497.21,0.0,103158.9,0.0,506575.94,100.0
Feb,2046,Full EMI,0.0,12082719.13,3060.56,100098.34,0.0,103158.9,0.0,406477.6,100.0
Mar,2046,Full EMI,0.0,12082719.13,2455.8,100703.1,0.0,103158.9,0.0,305774.5,100.0
Apr,2046,Full EMI,0.0,12082719.13,1847.39,101311.51,0.0,103158.9,0.0,204462.99,100.0
May,2046,Full EMI,0.0,12082719.13,1235.3,101923.6,0.0,103158.9,0.0,102539.39,100.0
Jun,2046,Full EMI,0.0,12082719.13,619.51,102539.39,0.0,103158.9,0.0,0.0,100.0
